{"cameraMode":{"drawMode":0,"name":"Shaded","section":"Shading Mode"},"sceneLighting":false,"audioPlay":false,"sceneViewState":{"m_AlwaysRefresh":false,"showFog":true,"showSkybox":false,"showFlares":true,"showImageEffects":true,"showParticleSystems":true,"showVisualEffectGraphs":true,"m_FxEnabled":true},"in2DMode":false,"pivot":{"x":1.1920928955078126e-7,"y":3.1979455947875978,"z":1.1920928955078126e-7},"rotation":{"x":0.6543996334075928,"y":-0.0037803146988153459,"z":0.0032722565811127426,"w":0.756134033203125},"size":3.893127918243408,"orthographic":false}